customer_id,consume_time,amount,channel,product_category,coupon_used
146,2025-01-30 11:17:18,93.04,wechat,food,0
109,2025-06-26 11:17:18,309.23,web,electronics,0
130,2024-08-26 11:17:18,393.02,store,beauty,0
175,2024-12-16 11:17:18,149.85,store,electronics,0
41,2025-05-11 11:17:18,267.72,web,electronics,0
92,2025-02-11 11:17:18,136.88,wechat,beauty,0
154,2024-12-22 11:17:18,201.53,wechat,food,0
179,2025-04-13 11:17:18,404.96,app,clothing,0
32,2025-06-21 11:17:18,47.89,app,home,0
22,2025-05-22 11:17:18,340.9,app,clothing,0
194,2025-05-01 11:17:18,300.3,web,beauty,1
169,2025-03-24 11:17:18,457.75,web,food,0
141,2024-11-02 11:17:18,426.66,app,food,0
119,2025-01-23 11:17:18,140.48,store,electronics,0
146,2025-04-22 11:17:18,401.32,store,food,0
200,2025-04-25 11:17:18,473.14,app,electronics,1
24,2024-09-29 11:17:18,152.01,web,home,1
172,2024-11-30 11:17:18,461.9,store,food,0
57,2024-12-21 11:17:18,188.04,app,electronics,0
178,2024-12-29 11:17:18,482.79,store,electronics,0
140,2025-06-03 11:17:18,332.04,app,food,0
79,2025-02-04 11:17:18,467.79,web,home,0
70,2024-10-27 11:17:18,145.6,app,clothing,0
110,2024-09-29 11:17:18,215.98,web,beauty,0
136,2024-08-18 11:17:18,191.37,alipay,beauty,0
180,2024-08-17 11:17:18,272.37,wechat,food,0
51,2025-02-24 11:17:18,158.95,web,home,0
19,2025-03-29 11:17:18,34.62,alipay,home,0
1,2024-12-03 11:17:18,286.99,wechat,clothing,0
175,2025-04-20 11:17:18,153.46,app,electronics,0
116,2024-12-20 11:17:18,239.64,app,electronics,0
170,2025-07-11 11:17:18,297.94,store,electronics,0
147,2025-03-15 11:17:18,196.49,app,beauty,0
17,2025-03-24 11:17:18,267.77,web,electronics,1
125,2025-07-15 11:17:18,349.83,store,home,1
140,2025-01-27 11:17:18,71.14,app,beauty,0
157,2025-01-20 11:17:18,489.85,store,clothing,1
45,2025-06-14 11:17:18,149.45,app,clothing,0
21,2025-01-09 11:17:18,152.55,app,beauty,0
5,2025-04-29 11:17:18,377.03,wechat,beauty,1
179,2025-01-08 11:17:18,158.16,app,beauty,1
153,2025-03-26 11:17:18,322.71,alipay,food,0
25,2024-08-26 11:17:18,381.0,web,home,1
12,2024-09-01 11:17:18,186.05,app,home,0
107,2025-04-26 11:17:18,468.63,store,clothing,1
11,2025-06-06 11:17:18,152.76,store,clothing,0
23,2024-12-15 11:17:18,482.37,app,home,0
13,2025-07-26 11:17:18,40.17,store,clothing,0
65,2025-03-25 11:17:18,131.53,store,clothing,0
119,2024-12-15 11:17:18,213.87,alipay,clothing,0
143,2025-05-04 11:17:18,486.5,app,electronics,0
158,2025-04-24 11:17:18,103.82,web,clothing,0
121,2024-08-29 11:17:18,467.6,app,food,0
166,2025-05-22 11:17:18,485.26,app,electronics,0
197,2025-07-21 11:17:18,18.49,web,electronics,0
34,2024-11-02 11:17:18,227.57,store,home,1
135,2025-08-11 11:17:18,274.93,web,clothing,0
139,2024-10-17 11:17:18,21.99,wechat,home,0
152,2025-05-22 11:17:18,476.35,app,beauty,0
41,2024-11-20 11:17:18,248.96,web,clothing,0
68,2024-12-02 11:17:18,197.18,app,electronics,0
195,2024-10-17 11:17:18,348.52,app,home,0
102,2024-10-21 11:17:18,391.16,wechat,clothing,0
8,2025-05-16 11:17:18,307.97,wechat,electronics,1
105,2025-02-14 11:17:18,343.82,app,clothing,1
153,2025-02-18 11:17:18,458.37,app,home,0
46,2025-03-20 11:17:18,156.19,web,electronics,0
41,2024-09-27 11:17:18,309.58,wechat,home,1
3,2025-06-23 11:17:18,481.58,alipay,food,1
192,2025-06-26 11:17:18,366.92,web,food,0
4,2025-06-13 11:17:18,293.46,app,beauty,0
118,2025-07-17 11:17:18,335.62,app,home,1
129,2025-07-05 11:17:18,496.75,alipay,home,0
5,2025-04-09 11:17:18,345.8,web,clothing,1
8,2025-02-11 11:17:18,44.51,wechat,beauty,0
181,2024-10-05 11:17:18,471.79,store,electronics,1
58,2024-08-20 11:17:18,230.97,app,electronics,0
163,2025-05-14 11:17:18,224.85,app,clothing,0
83,2025-07-31 11:17:18,94.35,store,food,0
154,2025-02-14 11:17:18,31.83,wechat,beauty,0
177,2024-11-29 11:17:18,395.66,web,electronics,0
99,2025-04-08 11:17:18,131.6,app,beauty,1
115,2025-07-29 11:17:18,301.4,store,home,1
83,2025-07-16 11:17:18,51.44,wechat,home,0
62,2025-04-21 11:17:18,49.75,app,clothing,0
145,2024-09-28 11:17:18,460.69,app,food,0
35,2025-02-05 11:17:18,59.25,store,home,0
80,2024-08-24 11:17:18,277.68,app,beauty,1
197,2025-07-10 11:17:18,459.12,wechat,clothing,1
140,2024-09-03 11:17:18,164.76,app,home,0
138,2025-02-04 11:17:18,111.44,web,food,0
183,2025-06-27 11:17:18,33.86,alipay,food,0
16,2025-03-09 11:17:18,216.56,alipay,clothing,1
131,2025-06-22 11:17:18,56.86,app,food,0
17,2025-04-24 11:17:18,220.15,wechat,clothing,1
45,2025-07-17 11:17:18,384.07,web,home,0
176,2025-02-07 11:17:18,298.03,app,beauty,0
30,2025-06-13 11:17:18,66.72,app,beauty,0
53,2024-12-15 11:17:18,495.55,app,electronics,0
117,2025-05-09 11:17:18,437.35,store,food,0
97,2025-01-04 11:17:18,116.46,app,clothing,0
101,2024-08-28 11:17:18,137.69,app,electronics,0
68,2025-05-07 11:17:18,328.89,store,clothing,0
30,2025-01-01 11:17:18,253.43,store,food,0
160,2024-08-21 11:17:18,439.64,app,food,0
168,2025-07-15 11:17:18,139.5,store,home,1
112,2024-10-01 11:17:18,489.23,web,beauty,1
172,2024-11-16 11:17:18,150.3,web,beauty,1
16,2024-12-29 11:17:18,94.74,web,beauty,0
108,2024-08-21 11:17:18,95.07,web,clothing,0
176,2024-12-16 11:17:18,24.63,app,food,0
187,2025-06-09 11:17:18,251.7,alipay,beauty,0
66,2025-06-21 11:17:18,57.59,app,electronics,0
145,2025-04-30 11:17:18,280.72,wechat,home,1
22,2025-07-13 11:17:18,15.84,wechat,clothing,0
104,2025-05-07 11:17:18,90.8,alipay,home,0
48,2024-10-03 11:17:18,144.98,app,electronics,0
150,2025-01-23 11:17:18,414.73,app,home,0
182,2024-08-30 11:17:18,485.87,app,beauty,0
105,2025-06-11 11:17:18,243.82,app,home,0
102,2024-09-09 11:17:18,79.9,web,food,0
35,2025-07-12 11:17:18,46.75,wechat,home,0
26,2024-08-21 11:17:18,195.25,store,food,1
5,2025-03-27 11:17:18,460.99,web,food,0
2,2025-06-12 11:17:18,146.82,web,beauty,0
20,2025-05-17 11:17:18,90.0,store,beauty,0
91,2025-06-29 11:17:18,320.4,alipay,electronics,1
62,2025-05-03 11:17:18,265.84,app,clothing,1
156,2025-03-26 11:17:18,34.75,app,beauty,0
48,2025-01-02 11:17:18,444.31,wechat,clothing,1
141,2024-12-26 11:17:18,479.63,app,food,0
29,2025-03-19 11:17:18,137.71,app,electronics,1
56,2025-07-19 11:17:18,279.76,app,beauty,0
92,2025-02-12 11:17:18,307.61,wechat,beauty,0
21,2025-07-19 11:17:18,162.65,alipay,food,0
22,2024-12-24 11:17:18,273.6,store,electronics,0
185,2025-06-20 11:17:18,285.79,app,clothing,0
135,2025-07-23 11:17:18,398.11,alipay,electronics,0
121,2024-10-24 11:17:18,354.85,app,clothing,0
170,2025-03-19 11:17:18,445.76,wechat,food,1
10,2025-01-21 11:17:18,162.89,alipay,beauty,0
36,2025-07-16 11:17:18,474.56,app,food,1
105,2025-05-23 11:17:18,481.52,wechat,clothing,0
111,2025-06-12 11:17:18,306.44,app,beauty,0
190,2025-01-28 11:17:18,10.35,store,food,0
66,2025-04-13 11:17:18,216.49,app,beauty,0
68,2025-04-02 11:17:18,83.22,wechat,clothing,0
34,2025-06-12 11:17:18,126.79,alipay,food,0
59,2024-10-19 11:17:18,335.39,alipay,beauty,0
50,2024-11-18 11:17:18,390.46,web,clothing,1
132,2025-03-18 11:17:18,17.93,wechat,beauty,0
77,2024-09-22 11:17:18,441.94,app,beauty,0
61,2024-08-18 11:17:18,148.09,store,beauty,0
10,2025-06-06 11:17:18,162.85,web,food,1
23,2025-01-05 11:17:18,16.09,app,electronics,0
103,2025-01-30 11:17:18,185.13,wechat,beauty,0
128,2024-11-26 11:17:18,474.59,wechat,food,0
54,2024-12-20 11:17:18,169.74,web,clothing,0
178,2024-08-28 11:17:18,461.59,app,home,0
46,2025-08-08 11:17:18,177.03,store,beauty,0
166,2025-01-10 11:17:18,451.47,app,home,0
10,2025-06-23 11:17:18,313.33,alipay,beauty,0
74,2025-02-24 11:17:18,216.82,app,home,0
170,2025-07-18 11:17:18,85.68,store,clothing,0
49,2024-12-18 11:17:18,64.66,wechat,beauty,0
178,2025-02-28 11:17:18,424.19,store,beauty,1
33,2025-04-18 11:17:18,393.46,store,home,0
67,2025-03-20 11:17:18,232.67,wechat,beauty,0
127,2025-04-04 11:17:18,290.48,web,electronics,0
120,2024-11-06 11:17:18,278.94,web,food,0
145,2025-05-20 11:17:18,39.68,store,beauty,0
181,2025-04-21 11:17:18,466.9,store,clothing,1
45,2024-09-07 11:17:18,310.98,alipay,food,0
16,2024-11-11 11:17:18,360.85,app,clothing,0
123,2025-01-05 11:17:18,213.85,app,electronics,1
57,2024-12-16 11:17:18,184.04,app,food,1
175,2024-08-18 11:17:18,151.34,store,beauty,0
61,2024-10-03 11:17:18,22.35,app,beauty,0
22,2024-09-28 11:17:18,26.04,store,beauty,0
52,2025-05-11 11:17:18,294.45,web,beauty,0
32,2025-02-01 11:17:18,277.6,wechat,beauty,0
172,2025-06-10 11:17:18,307.33,wechat,beauty,0
127,2025-04-18 11:17:18,484.95,web,home,0
199,2025-05-25 11:17:18,221.42,wechat,beauty,1
42,2025-03-31 11:17:18,466.33,app,clothing,0
196,2024-09-26 11:17:18,66.86,web,food,0
138,2025-04-18 11:17:18,16.91,app,home,0
116,2025-02-21 11:17:18,240.66,wechat,clothing,1
25,2024-08-14 11:17:18,230.76,app,electronics,1
98,2024-12-07 11:17:18,289.12,web,beauty,1
149,2025-07-31 11:17:18,376.14,alipay,clothing,1
82,2025-04-22 11:17:18,227.12,store,home,1
62,2025-07-08 11:17:18,145.73,wechat,electronics,0
3,2024-11-20 11:17:18,243.73,web,beauty,0
125,2024-09-24 11:17:18,314.98,store,food,0
44,2025-01-17 11:17:18,165.61,web,electronics,0
99,2025-06-29 11:17:18,357.29,store,beauty,1
97,2025-05-11 11:17:18,345.12,app,food,1
166,2024-09-14 11:17:18,294.32,web,electronics,1
172,2024-10-06 11:17:18,83.17,store,beauty,0
88,2025-08-11 11:17:18,211.49,store,clothing,0
73,2025-03-23 11:17:18,142.11,app,food,0
164,2025-03-18 11:17:18,262.19,app,electronics,0
6,2024-12-21 11:17:18,467.93,web,food,1
113,2024-10-08 11:17:18,156.0,web,electronics,0
10,2024-10-23 11:17:18,350.44,web,beauty,1
77,2025-03-01 11:17:18,325.88,wechat,clothing,0
86,2025-06-02 11:17:18,209.44,store,beauty,0
99,2025-08-01 11:17:18,436.45,web,electronics,0
148,2025-04-22 11:17:18,446.6,app,electronics,1
76,2025-03-24 11:17:18,394.68,app,food,1
193,2024-10-19 11:17:18,363.55,app,food,0
198,2024-08-22 11:17:18,119.89,app,beauty,0
25,2024-10-27 11:17:18,108.73,app,home,0
96,2025-06-17 11:17:18,14.62,wechat,clothing,0
107,2025-01-03 11:17:18,238.26,web,beauty,0
135,2024-10-13 11:17:18,150.66,app,clothing,1
130,2025-08-04 11:17:18,469.2,store,food,0
99,2025-03-14 11:17:18,147.28,store,electronics,0
141,2025-04-15 11:17:18,476.5,wechat,food,0
93,2025-03-14 11:17:18,178.71,app,food,0
94,2024-11-02 11:17:18,283.59,store,home,0
19,2025-01-06 11:17:18,13.41,store,food,0
9,2025-07-21 11:17:18,77.8,store,home,0
92,2025-01-24 11:17:18,485.26,web,clothing,0
150,2024-10-06 11:17:18,59.35,web,food,0
120,2024-12-23 11:17:18,466.73,app,clothing,0
156,2024-11-15 11:17:18,396.77,web,beauty,0
192,2024-11-17 11:17:18,77.91,app,food,0
92,2025-03-24 11:17:18,137.83,app,home,1
51,2025-04-01 11:17:18,499.65,app,electronics,0
197,2025-08-01 11:17:18,307.11,web,electronics,0
117,2025-06-23 11:17:18,305.05,store,home,0
108,2025-05-24 11:17:18,321.57,wechat,beauty,0
150,2025-06-02 11:17:18,40.13,wechat,beauty,0
123,2025-05-16 11:17:18,186.34,app,electronics,0
195,2024-10-23 11:17:18,161.47,store,food,0
138,2024-11-14 11:17:18,297.03,app,home,1
119,2024-09-09 11:17:18,258.17,store,home,0
82,2025-04-26 11:17:18,422.98,alipay,home,0
144,2024-09-17 11:17:18,373.62,wechat,beauty,0
181,2024-09-30 11:17:18,193.21,alipay,food,1
109,2024-08-26 11:17:18,110.56,app,clothing,0
84,2025-01-25 11:17:18,410.67,app,home,0
2,2024-10-01 11:17:18,25.74,web,food,0
156,2024-08-18 11:17:18,213.15,app,clothing,1
174,2025-02-18 11:17:18,245.22,store,electronics,1
152,2024-09-19 11:17:18,128.59,app,clothing,0
122,2024-09-22 11:17:18,437.3,wechat,beauty,0
77,2025-05-24 11:17:18,19.2,web,food,0
171,2025-03-05 11:17:18,180.3,app,electronics,1
19,2025-02-09 11:17:18,199.35,app,food,1
127,2024-12-26 11:17:18,241.62,web,electronics,1
155,2024-09-10 11:17:18,328.7,app,electronics,1
90,2025-05-13 11:17:18,24.7,app,home,0
90,2024-09-25 11:17:18,462.84,app,electronics,1
89,2024-09-20 11:17:18,400.26,alipay,beauty,1
5,2024-11-22 11:17:18,182.3,wechat,electronics,0
60,2024-10-24 11:17:18,370.85,web,clothing,0
10,2025-04-28 11:17:18,418.83,store,beauty,0
195,2024-08-28 11:17:18,122.38,app,beauty,1
164,2025-03-10 11:17:18,95.58,wechat,food,0
99,2025-05-21 11:17:18,73.22,alipay,food,0
176,2024-10-27 11:17:18,95.45,web,electronics,0
169,2025-01-28 11:17:18,460.66,app,clothing,1
56,2024-12-18 11:17:18,485.55,app,food,0
86,2024-12-19 11:17:18,149.17,app,electronics,1
56,2024-10-29 11:17:18,403.41,wechat,electronics,0
140,2025-01-31 11:17:18,278.69,app,electronics,1
194,2025-06-16 11:17:18,474.16,app,food,0
35,2025-07-17 11:17:18,408.24,store,food,0
75,2024-12-21 11:17:18,393.83,store,beauty,1
160,2024-08-21 11:17:18,157.45,wechat,home,0
25,2025-01-07 11:17:18,293.72,app,clothing,0
155,2025-05-31 11:17:18,177.04,web,electronics,1
169,2024-12-17 11:17:18,432.99,app,electronics,1
39,2025-07-31 11:17:18,317.35,web,home,0
29,2024-09-22 11:17:18,488.19,app,beauty,0
116,2024-12-10 11:17:18,200.51,app,clothing,0
20,2025-04-17 11:17:18,244.65,app,home,0
83,2024-08-25 11:17:18,391.12,web,clothing,1
129,2024-12-03 11:17:18,475.41,app,home,0
168,2024-09-05 11:17:18,249.12,app,electronics,1
51,2025-05-14 11:17:18,139.0,app,beauty,0
197,2025-01-31 11:17:18,274.7,app,home,0
73,2025-04-30 11:17:18,305.61,wechat,electronics,0
180,2025-01-27 11:17:18,207.22,wechat,food,0
107,2025-07-23 11:17:18,10.35,web,beauty,0
188,2025-06-02 11:17:18,142.94,app,beauty,1
100,2025-06-30 11:17:18,305.33,alipay,beauty,1
120,2024-12-24 11:17:18,58.7,web,clothing,0
168,2024-08-28 11:17:18,38.82,store,food,0
124,2025-05-09 11:17:18,53.79,app,food,0
133,2024-11-07 11:17:18,463.41,alipay,home,0
69,2025-05-24 11:17:18,382.22,app,clothing,0
108,2025-07-02 11:17:18,413.58,app,clothing,0
89,2025-01-24 11:17:18,27.68,app,food,0
142,2025-01-22 11:17:18,480.92,wechat,electronics,1
159,2025-06-07 11:17:18,203.74,store,home,1
195,2025-04-29 11:17:18,391.41,alipay,beauty,0
171,2025-04-27 11:17:18,387.86,alipay,home,1
78,2024-08-26 11:17:18,83.51,web,electronics,0
162,2024-12-27 11:17:18,180.87,alipay,clothing,0
29,2025-01-19 11:17:18,387.45,app,home,0
82,2025-01-29 11:17:18,210.23,web,food,0
98,2025-02-08 11:17:18,301.86,app,home,0
188,2025-01-11 11:17:18,433.33,app,food,1
46,2025-07-27 11:17:18,324.62,store,beauty,1
200,2025-07-19 11:17:18,322.38,app,beauty,1
111,2025-01-20 11:17:18,115.87,app,food,1
157,2025-02-15 11:17:18,52.39,web,electronics,0
18,2024-09-28 11:17:18,17.55,store,electronics,0
89,2025-05-20 11:17:18,223.78,app,electronics,0
150,2024-09-19 11:17:18,324.68,alipay,beauty,0
139,2024-08-13 11:17:18,215.58,app,food,0
103,2025-01-02 11:17:18,367.64,app,beauty,0
27,2024-10-10 11:17:18,55.59,app,electronics,0
123,2025-03-04 11:17:18,456.04,app,beauty,0
46,2025-02-21 11:17:18,66.33,store,food,0
21,2025-06-13 11:17:18,292.92,web,beauty,1
129,2025-05-17 11:17:18,430.22,alipay,food,1
124,2025-07-07 11:17:18,257.79,alipay,clothing,1
19,2024-10-16 11:17:18,219.79,alipay,beauty,1
37,2025-01-28 11:17:18,352.94,web,beauty,0
184,2025-02-22 11:17:18,471.04,app,clothing,0
115,2025-02-19 11:17:18,448.77,wechat,clothing,0
183,2025-04-21 11:17:18,131.99,web,home,0
99,2025-04-13 11:17:18,232.9,app,clothing,0
6,2025-01-29 11:17:18,453.64,alipay,clothing,0
119,2025-05-02 11:17:18,286.44,web,food,0
71,2024-11-10 11:17:18,18.25,store,electronics,0
164,2024-09-24 11:17:18,274.01,web,home,0
126,2025-03-02 11:17:18,377.22,app,food,0
21,2024-12-19 11:17:18,151.6,wechat,food,0
195,2024-11-11 11:17:18,225.24,web,electronics,0
12,2024-11-14 11:17:18,174.64,wechat,clothing,0
39,2024-11-03 11:17:18,348.89,app,clothing,1
73,2025-06-24 11:17:18,59.68,wechat,home,0
155,2024-12-30 11:17:18,133.9,web,home,0
69,2024-09-27 11:17:18,206.57,app,beauty,0
124,2024-09-20 11:17:18,464.86,store,beauty,0
171,2025-01-23 11:17:18,42.53,wechat,clothing,0
150,2024-10-11 11:17:18,45.73,app,electronics,0
43,2024-11-18 11:17:18,441.08,wechat,electronics,1
123,2025-07-09 11:17:18,328.24,wechat,beauty,1
179,2025-06-13 11:17:18,351.95,app,clothing,1
87,2025-06-23 11:17:18,252.56,wechat,home,0
151,2024-11-01 11:17:18,189.67,wechat,electronics,0
2,2024-08-21 11:17:18,258.6,app,electronics,0
176,2025-06-17 11:17:18,247.68,store,food,0
43,2025-06-15 11:17:18,220.14,wechat,home,1
116,2024-11-20 11:17:18,209.98,store,home,0
103,2025-06-16 11:17:18,155.42,web,beauty,0
145,2024-08-29 11:17:18,226.98,app,electronics,0
10,2024-09-07 11:17:18,381.39,wechat,food,1
188,2025-03-15 11:17:18,191.63,web,food,1
136,2024-10-20 11:17:18,87.81,wechat,food,0
131,2024-08-15 11:17:18,46.73,alipay,beauty,0
33,2024-08-18 11:17:18,386.46,app,electronics,1
144,2024-12-27 11:17:18,83.69,store,beauty,0
166,2025-02-27 11:17:18,177.36,store,beauty,0
28,2024-08-11 11:17:18,266.13,app,electronics,1
91,2024-12-13 11:17:18,321.63,alipay,clothing,0
116,2025-02-01 11:17:18,379.15,app,food,0
192,2024-12-02 11:17:18,257.73,app,home,1
140,2025-04-25 11:17:18,137.9,store,home,1
29,2024-12-11 11:17:18,147.01,app,home,0
98,2025-08-11 11:17:18,420.05,app,clothing,0
106,2025-03-22 11:17:18,34.07,web,clothing,0
178,2025-03-10 11:17:18,499.15,web,home,0
132,2025-05-01 11:17:18,251.8,store,food,0
168,2025-04-25 11:17:18,335.01,web,beauty,0
16,2024-10-27 11:17:18,233.14,store,home,1
173,2025-04-09 11:17:18,415.96,wechat,electronics,1
22,2024-08-12 11:17:18,281.54,store,food,0
105,2024-10-05 11:17:18,380.02,web,clothing,0
58,2025-04-22 11:17:18,167.88,store,clothing,1
122,2025-06-09 11:17:18,364.34,app,clothing,0
70,2024-12-22 11:17:18,252.28,web,beauty,0
2,2024-08-14 11:17:18,175.2,app,home,0
147,2024-10-24 11:17:18,371.08,app,electronics,1
32,2025-04-08 11:17:18,142.29,app,electronics,0
86,2025-07-29 11:17:18,134.95,store,electronics,0
88,2025-03-25 11:17:18,464.96,web,beauty,1
27,2025-07-02 11:17:18,350.93,alipay,home,1
124,2024-10-07 11:17:18,316.2,app,clothing,0
88,2025-07-28 11:17:18,254.18,alipay,food,0
93,2025-04-21 11:17:18,213.29,app,food,0
9,2025-06-30 11:17:18,369.13,web,home,0
108,2025-03-31 11:17:18,411.17,app,food,0
17,2024-10-31 11:17:18,12.69,store,electronics,0
124,2024-10-15 11:17:18,417.81,store,clothing,0
140,2025-01-04 11:17:18,271.02,app,electronics,1
41,2025-05-07 11:17:18,405.19,app,food,1
101,2025-02-05 11:17:18,388.89,store,electronics,0
148,2025-03-04 11:17:18,434.02,app,beauty,0
82,2025-06-10 11:17:18,370.87,web,electronics,0
188,2025-01-19 11:17:18,21.87,app,home,0
181,2024-11-05 11:17:18,442.4,app,beauty,1
144,2025-01-07 11:17:18,304.32,app,electronics,0
175,2024-10-10 11:17:18,14.29,app,food,0
16,2024-11-24 11:17:18,264.88,store,clothing,0
162,2024-12-10 11:17:18,108.31,alipay,clothing,0
81,2024-12-31 11:17:18,488.7,app,food,0
68,2025-05-08 11:17:18,43.26,app,home,0
119,2025-02-21 11:17:18,374.9,app,home,0
28,2024-12-18 11:17:18,44.64,app,beauty,0
16,2025-03-17 11:17:18,200.23,app,food,0
1,2024-11-26 11:17:18,153.61,app,clothing,0
126,2025-03-12 11:17:18,19.1,web,food,0
125,2025-07-19 11:17:18,90.33,store,food,0
28,2024-09-08 11:17:18,410.01,app,food,0
79,2025-01-03 11:17:18,298.99,wechat,food,0
36,2025-03-24 11:17:18,127.99,app,clothing,1
172,2025-07-09 11:17:18,378.02,wechat,electronics,0
167,2024-12-03 11:17:18,248.32,store,home,1
140,2024-09-29 11:17:18,37.16,app,clothing,0
126,2025-07-18 11:17:18,16.95,wechat,electronics,0
44,2025-03-11 11:17:18,212.61,app,clothing,0
143,2024-12-08 11:17:18,448.93,alipay,electronics,0
164,2025-07-24 11:17:18,391.81,web,clothing,1
153,2024-09-09 11:17:18,246.8,app,electronics,0
115,2025-04-25 11:17:18,462.79,app,clothing,0
76,2024-09-09 11:17:18,116.86,app,electronics,0
87,2025-01-07 11:17:18,271.67,store,clothing,0
103,2025-07-15 11:17:18,469.44,app,clothing,1
152,2024-11-23 11:17:18,393.35,app,beauty,0
85,2024-08-17 11:17:18,156.93,web,electronics,0
160,2025-01-19 11:17:18,265.2,wechat,electronics,0
40,2025-07-27 11:17:18,165.08,wechat,beauty,1
30,2025-07-25 11:17:18,302.21,web,electronics,0
73,2025-01-17 11:17:18,159.1,app,clothing,0
57,2025-02-22 11:17:18,466.55,app,clothing,0
111,2024-11-07 11:17:18,242.11,wechat,clothing,0
84,2024-12-10 11:17:18,347.83,store,beauty,0
92,2025-01-26 11:17:18,76.06,app,clothing,0
102,2025-05-08 11:17:18,126.92,app,electronics,0
123,2025-07-02 11:17:18,122.04,app,home,1
46,2025-07-15 11:17:18,314.75,web,beauty,0
36,2025-07-19 11:17:18,39.83,wechat,food,0
9,2025-07-17 11:17:18,31.44,wechat,beauty,0
148,2025-02-22 11:17:18,177.76,store,beauty,0
81,2024-09-08 11:17:18,21.01,app,beauty,0
192,2024-11-25 11:17:18,145.35,web,food,0
170,2025-03-24 11:17:18,129.36,app,home,0
95,2024-12-15 11:17:18,405.44,app,beauty,0
19,2025-07-21 11:17:18,158.83,app,clothing,0
137,2025-05-23 11:17:18,499.37,app,home,0
99,2024-10-07 11:17:18,279.34,wechat,food,0
179,2024-12-17 11:17:18,44.61,app,home,0
126,2025-03-09 11:17:18,80.67,app,clothing,0
82,2024-11-06 11:17:18,211.7,app,food,1
197,2025-02-15 11:17:18,46.05,app,home,0
164,2024-09-24 11:17:18,96.04,wechat,home,0
175,2024-09-15 11:17:18,177.99,app,home,0
62,2025-03-25 11:17:18,210.94,wechat,food,0
161,2024-12-04 11:17:18,71.56,web,home,0
170,2024-09-10 11:17:18,26.49,alipay,food,0
41,2025-02-13 11:17:18,157.01,alipay,beauty,0
14,2025-07-17 11:17:18,451.31,web,food,0
118,2024-09-12 11:17:18,463.03,app,food,1
166,2025-07-09 11:17:18,275.11,alipay,food,0
121,2024-11-02 11:17:18,54.28,app,beauty,0
43,2025-04-20 11:17:18,67.36,web,home,0
105,2025-04-05 11:17:18,253.45,web,clothing,0
100,2025-01-04 11:17:18,193.11,store,home,1
81,2025-05-02 11:17:18,489.48,app,clothing,0
1,2025-04-06 11:17:18,106.65,app,food,0
172,2025-07-22 11:17:18,97.48,app,clothing,0
161,2024-08-30 11:17:18,339.91,app,home,1
6,2024-10-23 11:17:18,443.67,store,beauty,0
77,2024-08-31 11:17:18,134.51,store,clothing,0
16,2024-09-13 11:17:18,235.76,web,home,0
144,2025-07-12 11:17:18,477.1,alipay,food,1
7,2024-12-26 11:17:18,17.26,app,electronics,0
127,2024-08-24 11:17:18,277.99,alipay,electronics,1
195,2025-02-05 11:17:18,174.68,store,clothing,1
31,2025-07-06 11:17:18,145.51,app,home,0
72,2024-12-28 11:17:18,288.52,app,clothing,1
150,2025-01-02 11:17:18,242.52,app,electronics,1
164,2025-07-18 11:17:18,204.2,alipay,clothing,0
171,2024-09-26 11:17:18,81.1,store,electronics,0
36,2024-11-20 11:17:18,123.86,app,clothing,1
124,2025-03-06 11:17:18,137.51,wechat,electronics,0
37,2025-07-30 11:17:18,446.17,wechat,food,0
103,2025-01-01 11:17:18,371.33,web,beauty,1
81,2025-05-23 11:17:18,241.87,wechat,beauty,0
86,2024-09-25 11:17:18,435.52,web,electronics,0
148,2025-05-02 11:17:18,306.66,app,beauty,1
36,2024-12-13 11:17:18,463.62,web,home,0
158,2024-10-02 11:17:18,210.11,app,food,0
163,2025-07-17 11:17:18,178.04,app,beauty,1
113,2024-08-23 11:17:18,75.51,wechat,food,0
56,2024-09-11 11:17:18,453.66,web,electronics,0
190,2025-06-10 11:17:18,339.94,web,home,0
161,2024-09-30 11:17:18,145.58,alipay,clothing,1
41,2025-06-06 11:17:18,183.68,store,beauty,0
18,2025-08-10 11:17:18,173.27,web,food,0
19,2025-07-25 11:17:18,174.36,wechat,food,0
64,2024-09-06 11:17:18,17.13,app,home,0
25,2025-04-13 11:17:18,122.5,web,home,1
163,2024-12-08 11:17:18,188.6,app,clothing,0
169,2024-11-29 11:17:18,133.97,wechat,electronics,1
20,2025-03-24 11:17:18,359.2,web,food,0
71,2025-01-12 11:17:18,337.37,app,home,0
156,2024-10-21 11:17:18,371.83,web,beauty,0
5,2025-04-30 11:17:18,460.08,web,home,0
179,2025-02-01 11:17:18,408.46,wechat,home,0
66,2025-06-30 11:17:18,205.36,wechat,electronics,1
24,2025-08-03 11:17:18,423.65,web,electronics,0
167,2024-10-14 11:17:18,181.76,store,electronics,0
92,2025-01-16 11:17:18,19.52,web,food,0
40,2025-06-29 11:17:18,256.02,app,clothing,0
30,2025-02-02 11:17:18,236.29,web,food,1
29,2025-05-29 11:17:18,384.21,alipay,food,1
169,2024-12-18 11:17:18,125.03,alipay,home,0
32,2024-10-11 11:17:18,342.57,wechat,home,0
104,2025-05-15 11:17:18,432.68,app,food,0
114,2024-11-19 11:17:18,355.57,wechat,beauty,0
54,2024-10-21 11:17:18,452.87,alipay,electronics,1
34,2024-09-27 11:17:18,421.21,alipay,clothing,0
102,2024-10-17 11:17:18,297.52,web,clothing,0
130,2024-10-01 11:17:18,434.85,app,electronics,0
187,2024-09-20 11:17:18,121.43,app,food,1
39,2025-07-20 11:17:18,273.34,web,clothing,0
145,2024-10-06 11:17:18,141.6,web,home,0
164,2025-05-05 11:17:18,354.23,store,beauty,1
41,2025-07-26 11:17:18,425.47,store,home,0
189,2025-08-03 11:17:18,96.07,app,beauty,0
39,2024-12-30 11:17:18,88.57,app,beauty,0
46,2025-04-05 11:17:18,210.44,wechat,beauty,1
1,2024-09-05 11:17:18,286.28,web,beauty,0
155,2024-11-18 11:17:18,474.76,app,clothing,0
139,2024-10-25 11:17:18,246.02,web,electronics,1
163,2024-11-24 11:17:18,210.67,web,beauty,0
86,2024-08-29 11:17:18,225.22,wechat,electronics,1
56,2024-10-31 11:17:18,379.01,web,beauty,0
93,2024-10-29 11:17:18,38.36,store,home,0
17,2025-07-26 11:17:18,87.82,app,clothing,0
11,2024-12-08 11:17:18,148.97,store,clothing,0
165,2024-12-23 11:17:18,377.79,web,food,0
180,2024-12-04 11:17:18,465.05,store,beauty,0
7,2025-03-21 11:17:18,13.39,app,home,0
36,2025-04-22 11:17:18,246.78,app,electronics,0
151,2024-09-11 11:17:18,246.11,store,food,0
113,2024-10-07 11:17:18,152.49,web,food,0
132,2025-07-11 11:17:18,185.72,app,clothing,0
101,2025-03-04 11:17:18,353.69,web,clothing,0
94,2025-01-26 11:17:18,429.46,store,clothing,1
68,2024-10-24 11:17:18,71.97,app,clothing,0
123,2025-07-01 11:17:18,93.27,store,clothing,0
142,2025-01-30 11:17:18,368.44,store,electronics,1
22,2024-08-23 11:17:18,34.67,app,clothing,0
104,2025-03-20 11:17:18,236.79,app,clothing,0
19,2025-07-06 11:17:18,342.98,app,food,0
52,2024-11-15 11:17:18,48.83,app,food,0
10,2024-11-05 11:17:18,70.99,web,beauty,0
101,2024-12-31 11:17:18,26.88,wechat,clothing,0
76,2025-01-04 11:17:18,457.41,store,food,0
17,2025-01-13 11:17:18,279.45,wechat,home,0
42,2025-01-19 11:17:18,361.48,alipay,home,1
175,2025-07-09 11:17:18,127.01,wechat,food,0
145,2025-08-11 11:17:18,303.88,web,electronics,1
132,2024-10-09 11:17:18,388.57,wechat,electronics,1
75,2025-02-05 11:17:18,199.86,web,beauty,0
20,2025-06-14 11:17:18,308.41,app,beauty,0
101,2025-06-09 11:17:18,321.22,app,clothing,0
180,2024-11-28 11:17:18,19.39,app,home,0
108,2024-09-22 11:17:18,474.82,app,clothing,0
45,2025-04-02 11:17:18,390.97,wechat,clothing,0
86,2025-01-27 11:17:18,359.03,wechat,clothing,0
22,2025-08-07 11:17:18,450.06,wechat,food,1
188,2025-03-27 11:17:18,423.52,web,electronics,1
81,2025-01-07 11:17:18,162.86,app,electronics,0
123,2025-05-11 11:17:18,182.05,app,food,0
137,2025-03-11 11:17:18,124.0,store,clothing,1
143,2024-10-11 11:17:18,388.9,wechat,food,0
18,2024-10-14 11:17:18,491.78,app,electronics,0
9,2024-09-18 11:17:18,93.05,app,clothing,0
23,2024-08-15 11:17:18,368.9,web,electronics,0
159,2025-02-07 11:17:18,16.15,web,clothing,0
49,2025-06-28 11:17:18,168.82,app,food,1
175,2025-04-16 11:17:18,391.84,alipay,beauty,0
52,2025-04-13 11:17:18,487.3,web,beauty,0
125,2025-05-21 11:17:18,297.39,app,food,1
68,2025-07-02 11:17:18,343.54,web,home,1
178,2025-01-16 11:17:18,264.47,app,home,0
64,2024-12-18 11:17:18,77.26,web,beauty,0
195,2024-10-09 11:17:18,448.09,wechat,clothing,1
109,2024-12-10 11:17:18,401.09,app,clothing,0
4,2025-07-15 11:17:18,378.48,web,clothing,0
81,2025-06-03 11:17:18,248.47,web,electronics,1
157,2025-07-28 11:17:18,104.04,app,electronics,0
182,2025-04-05 11:17:18,255.33,wechat,beauty,1
151,2025-03-13 11:17:18,413.21,app,home,0
114,2025-07-13 11:17:18,448.53,store,food,0
197,2024-09-02 11:17:18,304.73,store,home,0
23,2025-05-03 11:17:18,390.46,store,clothing,1
180,2025-04-19 11:17:18,209.37,web,food,0
71,2025-05-08 11:17:18,444.57,app,home,0
21,2024-12-16 11:17:18,387.91,app,clothing,1
5,2025-06-13 11:17:18,237.16,app,home,0
189,2024-08-15 11:17:18,81.2,app,food,0
134,2024-10-09 11:17:18,121.58,wechat,food,0
133,2025-02-02 11:17:18,311.67,app,beauty,0
23,2025-04-04 11:17:18,301.52,wechat,clothing,0
57,2025-02-07 11:17:18,293.25,store,electronics,0
75,2024-12-29 11:17:18,320.14,store,clothing,0
92,2025-04-20 11:17:18,226.85,app,electronics,1
25,2025-08-01 11:17:18,426.47,store,beauty,0
60,2025-06-22 11:17:18,85.02,alipay,beauty,0
94,2024-12-18 11:17:18,460.12,app,electronics,1
53,2024-12-04 11:17:18,487.39,wechat,clothing,0
89,2024-10-08 11:17:18,35.3,web,clothing,0
135,2024-11-04 11:17:18,33.99,app,clothing,0
165,2025-06-01 11:17:18,298.82,app,clothing,1
65,2025-04-05 11:17:18,173.58,app,beauty,0
53,2024-12-06 11:17:18,48.38,store,home,0
117,2025-02-14 11:17:18,256.91,app,food,0
135,2024-10-24 11:17:18,356.2,wechat,food,0
160,2025-01-24 11:17:18,300.65,alipay,beauty,0
73,2025-06-04 11:17:18,465.25,app,electronics,0
200,2025-05-15 11:17:18,305.29,app,home,0
131,2025-06-12 11:17:18,385.13,wechat,beauty,1
3,2025-02-18 11:17:18,132.46,wechat,clothing,0
6,2025-01-10 11:17:18,377.39,app,food,0
174,2025-01-06 11:17:18,499.48,wechat,home,0
138,2024-10-18 11:17:18,311.62,app,food,0
139,2025-08-05 11:17:18,417.71,store,clothing,0
138,2025-05-13 11:17:18,17.59,alipay,food,0
168,2024-11-22 11:17:18,483.97,alipay,beauty,0
35,2024-12-17 11:17:18,82.54,app,clothing,0
181,2025-06-14 11:17:18,301.06,web,food,0
114,2024-11-26 11:17:18,140.86,alipay,beauty,0
161,2025-06-25 11:17:18,57.88,web,food,0
60,2024-09-15 11:17:18,145.31,alipay,electronics,0
171,2025-02-21 11:17:18,440.61,web,beauty,0
128,2025-01-11 11:17:18,407.93,store,home,0
51,2024-09-14 11:17:18,27.53,app,home,0
134,2025-04-15 11:17:18,191.68,alipay,beauty,0
67,2025-06-27 11:17:18,17.62,store,beauty,0
143,2024-09-07 11:17:18,299.85,wechat,food,0
198,2025-06-10 11:17:18,494.03,alipay,electronics,0
12,2025-05-29 11:17:18,343.17,web,clothing,0
173,2024-12-24 11:17:18,20.03,app,food,0
131,2024-09-18 11:17:18,355.26,web,food,0
86,2025-01-30 11:17:18,491.82,alipay,beauty,0
16,2024-09-05 11:17:18,471.46,web,beauty,0
94,2024-09-10 11:17:18,470.26,web,home,0
167,2024-09-29 11:17:18,21.28,app,beauty,0
162,2024-11-14 11:17:18,369.53,wechat,home,0
16,2025-05-25 11:17:18,46.36,app,electronics,0
61,2024-11-01 11:17:18,444.26,web,beauty,0
35,2025-03-08 11:17:18,17.05,alipay,clothing,0
132,2024-12-13 11:17:18,467.81,store,clothing,1
14,2024-11-17 11:17:18,355.97,app,clothing,0
128,2025-07-07 11:17:18,64.01,store,clothing,0
169,2025-01-01 11:17:18,182.38,wechat,beauty,1
145,2025-03-02 11:17:18,329.62,app,home,0
93,2025-01-10 11:17:18,444.36,app,food,1
109,2025-04-03 11:17:18,36.97,app,clothing,0
108,2024-09-14 11:17:18,99.57,store,electronics,0
131,2025-05-04 11:17:18,440.48,app,home,0
138,2025-04-03 11:17:18,277.71,store,home,1
7,2024-12-09 11:17:18,230.36,alipay,electronics,1
196,2025-04-04 11:17:18,237.37,app,food,0
120,2024-12-17 11:17:18,298.97,app,beauty,0
10,2025-01-10 11:17:18,304.94,app,electronics,0
52,2024-09-19 11:17:18,95.97,wechat,clothing,0
1,2025-03-14 11:17:18,64.58,wechat,clothing,0
147,2025-02-03 11:17:18,84.38,web,food,0
74,2025-05-29 11:17:18,313.34,wechat,beauty,0
176,2024-12-12 11:17:18,436.53,web,home,0
147,2025-05-19 11:17:18,29.86,web,home,0
96,2025-06-25 11:17:18,137.21,store,home,0
116,2025-03-17 11:17:18,347.1,wechat,food,0
197,2025-02-23 11:17:18,399.94,app,food,0
60,2025-04-09 11:17:18,62.1,app,home,0
167,2024-09-24 11:17:18,296.19,store,clothing,0
161,2024-10-30 11:17:18,296.46,store,home,0
166,2024-10-31 11:17:18,165.23,wechat,food,0
134,2024-10-16 11:17:18,233.39,wechat,clothing,1
189,2025-03-19 11:17:18,406.35,app,electronics,0
64,2025-02-25 11:17:18,358.05,app,food,1
196,2024-12-09 11:17:18,268.44,app,food,0
28,2025-07-25 11:17:18,186.65,store,food,0
54,2024-09-24 11:17:18,370.35,wechat,electronics,0
47,2025-07-25 11:17:18,115.91,app,food,0
1,2024-09-05 11:17:18,305.05,app,beauty,0
128,2024-12-02 11:17:18,35.53,app,electronics,0
17,2025-06-12 11:17:18,345.12,app,food,0
190,2025-06-09 11:17:18,285.17,wechat,electronics,1
16,2025-03-25 11:17:18,104.74,app,food,1
185,2024-11-04 11:17:18,403.29,web,home,0
18,2025-06-08 11:17:18,177.36,app,beauty,1
73,2024-10-07 11:17:18,154.85,alipay,clothing,0
124,2024-09-05 11:17:18,65.84,app,electronics,0
19,2025-06-12 11:17:18,16.72,app,electronics,0
187,2024-10-04 11:17:18,90.1,web,electronics,0
109,2025-02-18 11:17:18,112.18,wechat,home,0
171,2025-03-16 11:17:18,335.43,app,food,0
137,2025-07-07 11:17:18,421.97,store,food,0
40,2024-09-06 11:17:18,371.04,web,clothing,1
199,2024-10-16 11:17:18,86.71,app,food,0
151,2024-10-02 11:17:18,344.85,app,electronics,0
144,2025-08-10 11:17:18,249.41,wechat,home,0
189,2024-11-27 11:17:18,454.1,web,clothing,0
16,2024-10-16 11:17:18,187.65,web,beauty,1
39,2025-06-05 11:17:18,266.38,web,food,0
192,2025-06-26 11:17:18,88.45,app,food,0
97,2025-02-02 11:17:18,212.79,web,electronics,1
185,2024-10-17 11:17:18,155.57,store,beauty,1
62,2025-07-28 11:17:18,190.56,app,home,0
68,2025-07-02 11:17:18,448.79,web,home,0
180,2025-01-17 11:17:18,66.28,web,clothing,0
176,2025-05-13 11:17:18,31.83,store,food,0
156,2025-07-15 11:17:18,55.29,alipay,beauty,0
140,2024-09-02 11:17:18,455.43,app,food,0
104,2025-02-07 11:17:18,217.6,wechat,clothing,0
172,2024-12-28 11:17:18,403.37,wechat,clothing,1
147,2025-04-21 11:17:18,73.47,app,clothing,0
3,2025-03-04 11:17:18,59.12,app,electronics,0
134,2025-08-02 11:17:18,411.52,app,electronics,0
18,2024-09-03 11:17:18,231.42,wechat,electronics,1
129,2025-01-27 11:17:18,273.37,store,beauty,0
37,2024-09-28 11:17:18,397.32,app,clothing,0
189,2024-08-18 11:17:18,380.1,app,beauty,0
159,2024-10-29 11:17:18,372.42,wechat,clothing,0
148,2025-08-03 11:17:18,116.28,alipay,electronics,0
58,2025-07-30 11:17:18,209.55,wechat,electronics,0
33,2024-09-18 11:17:18,163.81,app,food,1
61,2024-11-12 11:17:18,29.46,wechat,clothing,0
88,2025-05-07 11:17:18,174.44,app,electronics,1
85,2025-04-28 11:17:18,177.63,web,home,0
26,2024-11-25 11:17:18,184.18,store,clothing,1
108,2024-10-01 11:17:18,31.74,app,home,0
145,2025-04-02 11:17:18,386.74,app,clothing,1
48,2025-02-06 11:17:18,374.42,app,beauty,1
50,2025-02-25 11:17:18,421.94,wechat,beauty,1
166,2024-11-28 11:17:18,14.67,app,electronics,0
114,2024-12-01 11:17:18,116.13,store,home,0
149,2025-04-07 11:17:18,174.36,store,food,1
171,2024-08-15 11:17:18,478.09,app,clothing,0
59,2025-02-27 11:17:18,353.61,alipay,clothing,0
2,2025-04-01 11:17:18,364.3,app,electronics,0
56,2025-01-03 11:17:18,262.34,app,home,0
133,2025-04-08 11:17:18,41.03,wechat,beauty,0
192,2025-07-16 11:17:18,280.08,app,home,0
97,2025-07-12 11:17:18,330.53,app,food,1
123,2025-06-29 11:17:18,433.23,app,electronics,0
74,2024-09-17 11:17:18,64.67,web,electronics,0
3,2025-01-30 11:17:18,228.69,store,home,1
158,2025-06-15 11:17:18,470.11,app,clothing,0
129,2025-06-15 11:17:18,266.89,web,food,0
19,2024-08-17 11:17:18,292.99,app,electronics,0
199,2025-08-04 11:17:18,146.54,app,electronics,0
186,2024-12-18 11:17:18,445.63,web,home,1
65,2025-05-02 11:17:18,212.52,store,electronics,1
132,2024-11-17 11:17:18,273.6,wechat,beauty,1
156,2025-07-10 11:17:18,397.5,app,home,0
86,2024-08-20 11:17:18,124.11,app,food,0
138,2024-12-21 11:17:18,26.31,web,electronics,0
89,2025-01-02 11:17:18,82.29,app,electronics,0
141,2024-12-11 11:17:18,329.42,wechat,food,1
104,2025-08-01 11:17:18,447.3,store,electronics,0
123,2025-01-15 11:17:18,467.05,wechat,food,0
15,2025-06-25 11:17:18,109.73,wechat,food,0
151,2025-04-30 11:17:18,345.75,app,beauty,1
27,2025-07-01 11:17:18,64.26,web,clothing,0
16,2025-06-22 11:17:18,119.2,store,food,0
139,2025-01-17 11:17:18,495.16,alipay,electronics,0
178,2025-04-29 11:17:18,51.45,store,clothing,0
55,2025-04-18 11:17:18,127.71,web,electronics,1
107,2025-05-29 11:17:18,329.0,store,clothing,0
129,2025-04-14 11:17:18,457.0,app,beauty,0
159,2025-06-29 11:17:18,156.33,app,clothing,1
137,2025-07-09 11:17:18,442.21,app,home,0
108,2025-03-27 11:17:18,13.02,app,food,0
34,2025-01-02 11:17:18,451.92,app,beauty,0
101,2024-11-20 11:17:18,302.34,alipay,food,0
81,2025-04-30 11:17:18,146.31,web,beauty,0
79,2025-05-01 11:17:18,358.16,app,food,0
67,2024-11-28 11:17:18,64.8,wechat,food,0
56,2025-07-22 11:17:18,170.91,app,food,0
152,2025-04-13 11:17:18,400.66,store,electronics,0
9,2024-11-13 11:17:18,442.06,web,home,0
88,2024-10-23 11:17:18,142.91,app,electronics,0
84,2025-03-16 11:17:18,410.16,alipay,clothing,0
131,2024-12-29 11:17:18,285.44,wechat,beauty,0
1,2024-11-10 11:17:18,180.98,store,food,0
45,2025-01-20 11:17:18,55.48,web,clothing,0
74,2025-04-17 11:17:18,78.21,app,clothing,0
186,2025-06-28 11:17:18,438.19,app,food,0
160,2024-10-03 11:17:18,223.36,app,electronics,0
164,2024-12-22 11:17:18,417.05,store,clothing,0
79,2024-08-27 11:17:18,354.29,store,clothing,0
125,2025-03-20 11:17:18,141.93,alipay,clothing,1
149,2025-02-09 11:17:18,14.01,app,clothing,0
5,2024-09-09 11:17:18,395.76,alipay,home,0
154,2025-02-15 11:17:18,379.6,app,electronics,1
141,2025-02-06 11:17:18,380.4,app,beauty,0
139,2024-09-18 11:17:18,294.73,web,home,0
161,2025-02-25 11:17:18,300.66,web,beauty,1
130,2025-06-04 11:17:18,268.26,web,beauty,0
6,2024-12-31 11:17:18,441.89,app,home,0
183,2025-06-30 11:17:18,126.86,web,electronics,0
49,2025-01-29 11:17:18,10.09,web,home,0
78,2024-08-12 11:17:18,20.52,app,electronics,0
89,2024-10-18 11:17:18,57.84,app,food,0
12,2025-07-14 11:17:18,61.63,app,home,0
160,2025-02-26 11:17:18,60.5,web,food,0
133,2025-02-10 11:17:18,144.82,app,clothing,1
175,2024-08-25 11:17:18,328.39,web,electronics,1
171,2024-11-17 11:17:18,294.72,wechat,electronics,0
107,2024-12-15 11:17:18,23.18,wechat,home,0
86,2025-08-07 11:17:18,29.75,store,beauty,0
53,2025-06-26 11:17:18,134.94,app,food,1
56,2025-05-15 11:17:18,107.34,app,electronics,0
7,2024-09-18 11:17:18,381.12,store,clothing,0
17,2025-02-11 11:17:18,248.56,app,clothing,1
147,2024-12-21 11:17:18,295.82,web,clothing,0
117,2024-11-04 11:17:18,367.19,app,beauty,0
26,2025-01-02 11:17:18,118.58,app,beauty,0
38,2025-02-05 11:17:18,107.74,app,clothing,0
37,2024-12-05 11:17:18,326.39,app,food,0
21,2024-10-29 11:17:18,158.56,app,electronics,0
198,2024-08-14 11:17:18,17.9,wechat,electronics,0
116,2025-07-21 11:17:18,124.45,wechat,electronics,0
172,2024-09-14 11:17:18,397.2,web,electronics,1
145,2025-08-02 11:17:18,90.2,store,home,0
140,2025-06-05 11:17:18,209.6,app,electronics,1
168,2025-02-25 11:17:18,264.95,app,home,0
70,2024-12-28 11:17:18,22.47,store,home,0
180,2025-01-09 11:17:18,66.98,alipay,electronics,0
175,2025-07-16 11:17:18,279.12,app,beauty,1
158,2024-11-23 11:17:18,364.57,app,food,1
168,2024-08-17 11:17:18,61.55,web,beauty,0
179,2025-07-21 11:17:18,250.35,store,food,0
86,2025-01-27 11:17:18,402.09,web,home,0
18,2025-03-22 11:17:18,260.33,store,beauty,0
21,2025-06-05 11:17:18,440.92,app,home,1
111,2024-11-05 11:17:18,199.48,app,food,0
148,2025-01-09 11:17:18,427.9,app,electronics,0
56,2025-06-11 11:17:18,469.63,app,clothing,0
64,2025-03-03 11:17:18,313.94,store,electronics,1
47,2025-07-09 11:17:18,374.63,app,food,1
13,2024-09-06 11:17:18,320.48,app,beauty,0
50,2025-05-17 11:17:18,135.22,alipay,home,0
69,2025-01-16 11:17:18,226.99,app,home,1
75,2024-12-21 11:17:18,310.16,wechat,home,1
113,2025-06-16 11:17:18,312.19,app,beauty,0
31,2025-05-06 11:17:18,431.12,store,electronics,1
142,2025-04-30 11:17:18,228.93,store,food,0
152,2025-05-22 11:17:18,406.32,wechat,clothing,0
104,2025-06-12 11:17:18,481.91,wechat,electronics,0
30,2025-03-11 11:17:18,178.63,app,beauty,1
181,2025-01-16 11:17:18,34.41,web,home,0
168,2025-04-07 11:17:18,170.33,web,beauty,1
84,2025-02-28 11:17:18,14.74,app,electronics,0
66,2025-06-27 11:17:18,207.34,app,clothing,1
75,2025-06-27 11:17:18,37.91,alipay,food,0
9,2025-04-04 11:17:18,310.02,web,home,1
34,2025-05-27 11:17:18,45.57,app,beauty,0
18,2025-02-17 11:17:18,19.89,store,clothing,0
193,2024-11-01 11:17:18,48.67,web,electronics,0
21,2025-04-21 11:17:18,27.74,wechat,clothing,0
147,2024-09-03 11:17:18,276.52,store,home,1
177,2025-06-04 11:17:18,223.68,store,clothing,0
118,2025-04-09 11:17:18,354.54,app,electronics,0
200,2024-12-04 11:17:18,42.54,store,clothing,0
155,2025-05-07 11:17:18,471.62,alipay,home,1
28,2025-06-14 11:17:18,211.56,app,clothing,1
153,2025-07-14 11:17:18,289.72,app,food,0
50,2024-09-24 11:17:18,149.54,wechat,home,0
182,2025-04-05 11:17:18,148.14,wechat,electronics,0
45,2024-11-30 11:17:18,155.46,app,clothing,0
148,2024-09-14 11:17:18,480.13,wechat,beauty,0
119,2025-08-07 11:17:18,309.89,web,home,1
139,2024-08-18 11:17:18,344.62,store,beauty,1
29,2024-12-25 11:17:18,180.15,wechat,clothing,1
1,2025-03-24 11:17:18,472.39,web,home,0
51,2024-09-27 11:17:18,96.89,store,electronics,0
68,2025-03-20 11:17:18,480.81,app,home,0
200,2025-04-17 11:17:18,12.58,app,clothing,0
193,2024-12-07 11:17:18,26.54,alipay,home,0
97,2025-02-27 11:17:18,343.7,app,clothing,0
165,2024-12-04 11:17:18,170.39,alipay,beauty,1
77,2025-07-23 11:17:18,354.56,store,clothing,0
127,2025-06-21 11:17:18,85.28,app,home,0
103,2025-05-19 11:17:18,472.52,store,home,1
139,2024-09-25 11:17:18,222.33,store,beauty,0
75,2025-05-07 11:17:18,232.41,app,food,1
12,2024-11-15 11:17:18,39.12,store,beauty,0
71,2025-01-25 11:17:18,499.71,web,electronics,0
179,2025-03-24 11:17:18,452.89,store,food,1
124,2025-01-08 11:17:18,117.62,store,electronics,0
170,2024-10-23 11:17:18,493.77,app,beauty,1
184,2024-09-24 11:17:18,183.28,store,home,0
141,2024-09-09 11:17:18,302.61,wechat,home,0
45,2025-06-11 11:17:18,486.04,store,food,0
185,2025-07-10 11:17:18,252.55,web,clothing,0
103,2025-02-01 11:17:18,158.9,app,food,0
155,2025-04-13 11:17:18,380.35,store,clothing,0
36,2024-08-18 11:17:18,77.54,web,home,0
1,2024-09-23 11:17:18,429.19,store,food,1
57,2024-11-18 11:17:18,263.15,web,beauty,0
195,2025-01-10 11:17:18,176.98,app,clothing,0
25,2024-10-22 11:17:18,388.76,alipay,food,0
11,2025-02-15 11:17:18,14.06,web,home,0
102,2025-07-23 11:17:18,159.68,app,beauty,1
48,2025-05-29 11:17:18,342.86,web,food,0
109,2025-06-16 11:17:18,103.09,app,home,0
148,2025-08-05 11:17:18,29.34,web,food,0
162,2024-09-01 11:17:18,184.77,wechat,clothing,0
198,2024-09-08 11:17:18,106.74,web,beauty,0
129,2025-04-16 11:17:18,37.12,web,electronics,0
133,2025-08-08 11:17:18,391.62,app,beauty,1
25,2024-08-30 11:17:18,256.3,wechat,clothing,0
66,2024-10-21 11:17:18,41.2,app,home,0
81,2024-11-15 11:17:18,447.46,app,clothing,0
197,2024-09-27 11:17:18,283.57,web,clothing,0
1,2025-06-09 11:17:18,200.25,wechat,home,0
46,2025-05-28 11:17:18,220.09,alipay,home,0
114,2024-10-21 11:17:18,259.53,app,clothing,0
79,2024-10-22 11:17:18,388.01,app,electronics,0
110,2024-09-04 11:17:18,79.5,app,home,0
87,2025-01-11 11:17:18,457.01,app,home,0
132,2024-08-24 11:17:18,132.25,store,clothing,1
53,2024-10-14 11:17:18,276.9,app,home,1
93,2025-07-15 11:17:18,381.12,web,clothing,0
200,2025-02-15 11:17:18,97.52,app,beauty,0
116,2025-03-09 11:17:18,437.14,alipay,food,0
145,2025-08-06 11:17:18,54.09,app,beauty,0
137,2024-08-14 11:17:18,165.45,wechat,electronics,0
20,2025-06-17 11:17:18,278.96,app,electronics,1
163,2025-02-20 11:17:18,405.07,store,beauty,0
197,2025-07-17 11:17:18,104.54,app,food,1
75,2025-07-02 11:17:18,246.02,app,home,0
92,2024-08-16 11:17:18,118.62,store,food,0
18,2024-08-17 11:17:18,214.21,app,clothing,0
44,2025-06-12 11:17:18,258.47,wechat,electronics,0
49,2025-04-04 11:17:18,170.91,web,electronics,0
50,2025-07-26 11:17:18,19.52,alipay,beauty,0
75,2025-03-22 11:17:18,54.5,web,beauty,0
141,2024-08-16 11:17:18,172.34,web,electronics,0
169,2025-04-17 11:17:18,213.53,app,home,0
163,2025-02-03 11:17:18,445.89,app,beauty,0
113,2024-11-05 11:17:18,372.5,app,home,0
179,2025-08-05 11:17:18,399.8,web,home,0
81,2024-09-07 11:17:18,143.01,web,home,1
171,2025-04-18 11:17:18,349.41,store,home,0
42,2024-09-05 11:17:18,104.06,app,clothing,0
21,2025-02-08 11:17:18,327.41,app,home,0
92,2025-03-06 11:17:18,162.28,store,beauty,0
27,2024-09-29 11:17:18,432.39,app,beauty,0
185,2025-06-11 11:17:18,115.18,app,electronics,0
200,2025-05-11 11:17:18,337.82,web,home,0
50,2025-04-22 11:17:18,435.77,app,beauty,1
90,2025-01-09 11:17:18,237.28,alipay,electronics,0
54,2025-03-01 11:17:18,291.98,web,food,0
101,2025-01-14 11:17:18,92.59,alipay,food,0
182,2024-10-04 11:17:18,245.19,app,clothing,0
133,2025-05-10 11:17:18,246.99,app,electronics,0
128,2024-10-26 11:17:18,263.51,app,beauty,0
63,2024-12-07 11:17:18,51.03,store,home,0
163,2025-02-05 11:17:18,310.47,app,home,0
143,2025-07-31 11:17:18,307.16,app,home,1
67,2025-03-22 11:17:18,189.06,app,home,0
25,2025-06-08 11:17:18,35.91,app,home,0
69,2025-08-08 11:17:18,353.63,app,electronics,0
85,2025-06-07 11:17:18,129.07,app,electronics,0
94,2024-10-27 11:17:18,67.83,web,clothing,0
200,2025-07-26 11:17:18,38.34,app,food,0
179,2024-12-18 11:17:18,158.77,wechat,electronics,0
110,2025-04-02 11:17:18,21.65,store,clothing,0
65,2024-12-31 11:17:18,339.9,app,beauty,0
139,2024-11-01 11:17:18,73.24,app,home,0
88,2025-02-21 11:17:18,298.05,wechat,home,0
103,2024-11-30 11:17:18,449.31,app,beauty,0
17,2024-10-20 11:17:18,333.64,app,home,0
7,2025-04-30 11:17:18,341.57,wechat,clothing,0
122,2025-06-03 11:17:18,115.16,alipay,clothing,1
184,2025-04-05 11:17:18,164.88,store,clothing,0
85,2025-05-08 11:17:18,107.03,app,clothing,0
35,2025-02-07 11:17:18,51.59,wechat,clothing,0
64,2024-09-22 11:17:18,33.38,wechat,home,0
38,2025-01-08 11:17:18,381.28,app,food,0
108,2024-08-31 11:17:18,35.13,web,food,0
39,2025-04-19 11:17:18,71.4,app,food,0
160,2024-11-09 11:17:18,103.48,app,home,1
83,2024-12-29 11:17:18,254.14,wechat,clothing,1
10,2025-04-04 11:17:18,418.46,wechat,beauty,0
24,2025-03-14 11:17:18,83.59,web,electronics,0
97,2025-08-08 11:17:18,362.34,app,food,0
37,2025-03-21 11:17:18,426.31,app,clothing,0
129,2024-10-06 11:17:18,451.11,web,food,0
124,2025-04-13 11:17:18,122.64,app,home,1
111,2025-02-01 11:17:18,85.91,app,clothing,0
166,2025-06-10 11:17:18,264.13,app,beauty,0
31,2025-06-28 11:17:18,140.71,store,clothing,1
